requested_time_since_log_start_s,elapsed_since_start_s,actual_target_sample_time_s,sample_offset_ms,bbox_width_px,bbox_height_px,bbox_long_side_px,infrared_1280_distance_m,visible_1920_distance_m,visible_minus_infrared_m,visible_over_infrared_ratio,target_valid,logged_video_source
26.314,0.000,26.308,-5.781,31.0000,20.0000,31.0000,49.2225,74.1515,24.9290,1.5065,1,2
26.414,0.100,26.413,-0.769,31.0000,20.0000,31.0000,49.2225,74.1515,24.9290,1.5065,1,2
26.514,0.200,26.508,-5.779,31.0000,20.0000,31.0000,49.2225,74.1515,24.9290,1.5065,1,2
26.614,0.300,26.613,-0.781,32.0000,20.0000,32.0000,47.6644,71.8144,24.1500,1.5067,1,2
26.714,0.400,26.708,-5.782,32.0000,20.0000,32.0000,47.6644,71.8144,24.1500,1.5067,1,2
26.814,0.500,26.813,-0.780,32.0000,21.0000,32.0000,47.6644,71.8144,24.1500,1.5067,1,2
26.914,0.600,26.908,-5.776,32.0000,21.0000,32.0000,47.6644,71.8144,24.1500,1.5067,1,2
27.014,0.700,27.013,-0.782,33.0000,21.0000,33.0000,46.2008,69.6189,23.4182,1.5069,1,2
27.114,0.800,27.118,4.226,33.0000,21.0000,33.0000,46.2008,69.6189,23.4182,1.5069,1,2
27.214,0.900,27.213,-0.781,33.0000,21.0000,33.0000,46.2008,69.6189,23.4182,1.5069,1,2
27.314,1.000,27.318,4.222,33.0000,21.0000,33.0000,46.2008,69.6189,23.4182,1.5069,1,2
27.414,1.100,27.414,-0.581,33.0000,21.0000,33.0000,46.2008,69.6189,23.4182,1.5069,1,2
27.514,1.200,27.508,-5.781,34.0000,22.0000,34.0000,44.8232,67.5526,22.7294,1.5071,1,2
27.614,1.300,27.613,-0.780,34.0000,22.0000,34.0000,44.8232,67.5526,22.7294,1.5071,1,2
27.714,1.400,27.708,-5.780,35.0000,22.0000,35.0000,43.5244,65.6044,22.0800,1.5073,1,2
27.814,1.500,27.813,-0.705,35.0000,23.0000,35.0000,43.5244,65.6044,22.0800,1.5073,1,2
27.914,1.600,27.908,-5.734,35.0000,23.0000,35.0000,43.5244,65.6044,22.0800,1.5073,1,2
28.014,1.700,28.013,-0.731,36.0000,23.0000,36.0000,42.2977,63.7644,21.4667,1.5075,1,2
28.114,1.800,28.108,-5.770,36.0000,23.0000,36.0000,42.2977,63.7644,21.4667,1.5075,1,2
28.214,1.900,28.213,-0.769,36.0000,23.0000,36.0000,42.2977,63.7644,21.4667,1.5075,1,2
28.314,2.000,28.308,-5.780,37.0000,23.0000,37.0000,41.1374,62.0239,20.8865,1.5077,1,2
28.414,2.100,28.413,-0.785,38.0000,24.0000,38.0000,40.0381,60.3749,20.3368,1.5079,1,2
28.514,2.200,28.518,4.225,38.0000,24.0000,38.0000,40.0381,60.3749,20.3368,1.5079,1,2
28.614,2.300,28.613,-0.776,38.0000,24.0000,38.0000,40.0381,60.3749,20.3368,1.5079,1,2
28.714,2.400,28.718,4.227,38.0000,24.0000,38.0000,40.0381,60.3749,20.3368,1.5079,1,2
28.814,2.500,28.814,-0.371,39.0000,24.0000,39.0000,38.9952,58.8106,19.8154,1.5081,1,2
28.914,2.600,28.908,-5.772,39.0000,24.0000,39.0000,38.9952,58.8106,19.8154,1.5081,1,2
29.014,2.700,29.013,-0.780,39.0000,25.0000,39.0000,38.9952,58.8106,19.8154,1.5081,1,2
29.114,2.800,29.108,-5.780,40.0000,25.0000,40.0000,38.0044,57.3244,19.3200,1.5084,1,2
29.214,2.900,29.213,-0.776,40.0000,25.0000,40.0000,38.0044,57.3244,19.3200,1.5084,1,2
29.314,3.000,29.308,-5.780,41.0000,25.0000,41.0000,37.0620,55.9107,18.8488,1.5086,1,2
29.414,3.100,29.413,-0.779,44.0000,27.0000,44.0000,34.4917,52.0553,17.5636,1.5092,1,2
29.514,3.200,29.509,-5.425,46.0000,29.0000,46.0000,32.9644,49.7644,16.8000,1.5096,1,2
29.614,3.300,29.613,-0.779,47.0000,30.0000,47.0000,32.2495,48.6921,16.4426,1.5099,1,2
29.714,3.400,29.708,-5.766,47.0000,31.0000,47.0000,32.2495,48.6921,16.4426,1.5099,1,2
29.814,3.500,29.813,-0.764,48.0000,32.0000,48.0000,31.5644,47.6644,16.1000,1.5101,1,2
29.914,3.600,29.919,4.756,48.0000,32.0000,48.0000,31.5644,47.6644,16.1000,1.5101,1,2
30.014,3.700,30.013,-0.775,49.0000,33.0000,49.0000,30.9073,46.6787,15.7714,1.5103,1,2
30.114,3.800,30.118,4.226,49.0000,34.0000,49.0000,30.9073,46.6787,15.7714,1.5103,1,2
30.214,3.900,30.213,-0.779,50.0000,34.0000,50.0000,30.2764,45.7324,15.4560,1.5105,1,2
30.314,4.000,30.308,-5.781,50.0000,34.0000,50.0000,30.2764,45.7324,15.4560,1.5105,1,2
30.414,4.100,30.413,-0.777,51.0000,35.0000,51.0000,29.6703,44.8232,15.1529,1.5107,1,2
30.514,4.200,30.508,-5.780,52.0000,35.0000,52.0000,29.0875,43.9490,14.8615,1.5109,1,2
30.614,4.300,30.613,-0.765,52.0000,36.0000,52.0000,29.0875,43.9490,14.8615,1.5109,1,2
30.714,4.400,30.708,-5.782,52.0000,36.0000,52.0000,29.0875,43.9490,14.8615,1.5109,1,2
30.814,4.500,30.813,-0.778,52.0000,36.0000,52.0000,29.0875,43.9490,14.8615,1.5109,1,2
30.914,4.600,30.908,-5.776,53.0000,36.0000,53.0000,28.5267,43.1078,14.5811,1.5111,1,2
31.014,4.700,31.013,-0.780,53.0000,37.0000,53.0000,28.5267,43.1078,14.5811,1.5111,1,2
31.114,4.800,31.108,-5.780,54.0000,37.0000,54.0000,27.9866,42.2977,14.3111,1.5114,1,2
31.214,4.900,31.213,-0.781,54.0000,38.0000,54.0000,27.9866,42.2977,14.3111,1.5114,1,2
31.314,5.000,31.318,4.229,54.0000,38.0000,54.0000,27.9866,42.2977,14.3111,1.5114,1,2
31.414,5.100,31.413,-0.773,55.0000,39.0000,55.0000,27.4662,41.5171,14.0509,1.5116,1,2
31.514,5.200,31.518,4.222,56.0000,40.0000,56.0000,26.9644,40.7644,13.8000,1.5118,1,2
31.614,5.300,31.614,-0.286,56.0000,40.0000,56.0000,26.9644,40.7644,13.8000,1.5118,1,2
31.714,5.400,31.708,-5.676,57.0000,41.0000,57.0000,26.4802,40.0381,13.5579,1.5120,1,2
31.814,5.500,31.813,-0.677,56.0000,42.0000,56.0000,26.9644,40.7644,13.8000,1.5118,1,2
31.914,5.600,31.908,-5.782,56.0000,42.0000,56.0000,26.9644,40.7644,13.8000,1.5118,1,2
32.014,5.700,32.013,-0.772,56.0000,43.0000,56.0000,26.9644,40.7644,13.8000,1.5118,1,2
32.114,5.800,32.109,-5.280,55.0000,43.0000,55.0000,27.4662,41.5171,14.0509,1.5116,1,2
32.214,5.900,32.213,-0.775,55.0000,43.0000,55.0000,27.4662,41.5171,14.0509,1.5116,1,2
32.314,6.000,32.308,-5.776,56.0000,44.0000,56.0000,26.9644,40.7644,13.8000,1.5118,1,2
32.414,6.100,32.413,-0.782,54.0000,44.0000,54.0000,27.9866,42.2977,14.3111,1.5114,1,2
32.514,6.200,32.508,-5.778,54.0000,45.0000,54.0000,27.9866,42.2977,14.3111,1.5114,1,2
32.614,6.300,32.613,-0.771,54.0000,45.0000,54.0000,27.9866,42.2977,14.3111,1.5114,1,2
32.714,6.400,32.718,4.221,53.0000,45.0000,53.0000,28.5267,43.1078,14.5811,1.5111,1,2
32.814,6.500,32.813,-0.776,52.0000,46.0000,52.0000,29.0875,43.9490,14.8615,1.5109,1,2
32.914,6.600,32.918,4.280,53.0000,46.0000,53.0000,28.5267,43.1078,14.5811,1.5111,1,2
33.014,6.700,33.013,-0.783,55.0000,47.0000,55.0000,27.4662,41.5171,14.0509,1.5116,1,2
33.114,6.800,33.108,-5.775,56.0000,47.0000,56.0000,26.9644,40.7644,13.8000,1.5118,1,2
33.214,6.900,33.213,-0.775,57.0000,47.0000,57.0000,26.4802,40.0381,13.5579,1.5120,1,2
33.314,7.000,33.308,-5.692,56.0000,48.0000,56.0000,26.9644,40.7644,13.8000,1.5118,1,2
33.414,7.100,33.413,-0.775,56.0000,49.0000,56.0000,26.9644,40.7644,13.8000,1.5118,1,2
33.514,7.200,33.508,-5.726,55.0000,49.0000,55.0000,27.4662,41.5171,14.0509,1.5116,1,2
33.614,7.300,33.613,-0.713,54.0000,48.0000,54.0000,27.9866,42.2977,14.3111,1.5114,1,2
33.714,7.400,33.708,-5.765,54.0000,48.0000,54.0000,27.9866,42.2977,14.3111,1.5114,1,2
33.814,7.500,33.813,-0.776,54.0000,48.0000,54.0000,27.9866,42.2977,14.3111,1.5114,1,2
33.914,7.600,33.908,-5.780,53.0000,47.0000,53.0000,28.5267,43.1078,14.5811,1.5111,1,2
34.014,7.700,34.013,-0.782,53.0000,47.0000,53.0000,28.5267,43.1078,14.5811,1.5111,1,2
34.114,7.800,34.118,4.226,53.0000,47.0000,53.0000,28.5267,43.1078,14.5811,1.5111,1,2
34.214,7.900,34.213,-0.774,52.0000,48.0000,52.0000,29.0875,43.9490,14.8615,1.5109,1,2
34.314,8.000,34.318,4.219,52.0000,49.0000,52.0000,29.0875,43.9490,14.8615,1.5109,1,2
34.414,8.100,34.413,-0.774,53.0000,49.0000,53.0000,28.5267,43.1078,14.5811,1.5111,1,2
34.514,8.200,34.508,-5.774,53.0000,48.0000,53.0000,28.5267,43.1078,14.5811,1.5111,1,2
34.614,8.300,34.613,-0.774,53.0000,48.0000,53.0000,28.5267,43.1078,14.5811,1.5111,1,2
34.714,8.400,34.708,-5.775,54.0000,47.0000,54.0000,27.9866,42.2977,14.3111,1.5114,1,2
34.814,8.500,34.813,-0.777,54.0000,47.0000,54.0000,27.9866,42.2977,14.3111,1.5114,1,2
34.914,8.600,34.908,-5.781,55.0000,47.0000,55.0000,27.4662,41.5171,14.0509,1.5116,1,2
35.014,8.700,35.014,-0.487,56.0000,47.0000,56.0000,26.9644,40.7644,13.8000,1.5118,1,2
35.114,8.800,35.108,-5.774,55.0000,47.0000,55.0000,27.4662,41.5171,14.0509,1.5116,1,2
35.214,8.900,35.213,-0.775,54.0000,47.0000,54.0000,27.9866,42.2977,14.3111,1.5114,1,2
35.314,9.000,35.308,-5.758,55.0000,47.0000,55.0000,27.4662,41.5171,14.0509,1.5116,1,2
35.414,9.100,35.414,-0.590,55.0000,47.0000,55.0000,27.4662,41.5171,14.0509,1.5116,1,2
35.514,9.200,35.518,4.268,57.0000,47.0000,57.0000,26.4802,40.0381,13.5579,1.5120,1,2
35.614,9.300,35.613,-0.782,57.0000,47.0000,57.0000,26.4802,40.0381,13.5579,1.5120,1,2
35.714,9.400,35.718,4.226,54.0000,47.0000,54.0000,27.9866,42.2977,14.3111,1.5114,1,2
35.814,9.500,35.813,-0.775,54.0000,47.0000,54.0000,27.9866,42.2977,14.3111,1.5114,1,2
35.914,9.600,35.908,-5.776,54.0000,47.0000,54.0000,27.9866,42.2977,14.3111,1.5114,1,2
36.014,9.700,36.013,-0.774,55.0000,48.0000,55.0000,27.4662,41.5171,14.0509,1.5116,1,2
36.114,9.800,36.108,-5.766,56.0000,49.0000,56.0000,26.9644,40.7644,13.8000,1.5118,1,2
36.214,9.900,36.214,-0.510,55.0000,49.0000,55.0000,27.4662,41.5171,14.0509,1.5116,1,2
36.314,10.000,36.308,-5.762,55.0000,51.0000,55.0000,27.4662,41.5171,14.0509,1.5116,1,2
36.414,10.100,36.413,-0.775,56.0000,51.0000,56.0000,26.9644,40.7644,13.8000,1.5118,1,2
36.514,10.200,36.508,-5.776,57.0000,51.0000,57.0000,26.4802,40.0381,13.5579,1.5120,1,2
36.614,10.300,36.613,-0.769,59.0000,52.0000,59.0000,25.5610,38.6593,13.0983,1.5124,1,2
36.714,10.400,36.708,-5.776,60.0000,52.0000,60.0000,25.1244,38.0044,12.8800,1.5126,1,2
36.814,10.500,36.813,-0.777,60.0000,52.0000,60.0000,25.1244,38.0044,12.8800,1.5126,1,2
36.914,10.600,36.918,4.223,61.0000,52.0000,61.0000,24.7021,37.3710,12.6689,1.5129,1,2
37.014,10.700,37.013,-0.776,61.0000,52.0000,61.0000,24.7021,37.3710,12.6689,1.5129,1,2
37.114,10.800,37.119,4.659,61.0000,52.0000,61.0000,24.7021,37.3710,12.6689,1.5129,1,2
37.214,10.900,37.213,-0.775,60.0000,51.0000,60.0000,25.1244,38.0044,12.8800,1.5126,1,2
37.314,11.000,37.309,-5.634,60.0000,51.0000,60.0000,25.1244,38.0044,12.8800,1.5126,1,2
37.414,11.100,37.413,-0.778,59.0000,51.0000,59.0000,25.5610,38.6593,13.0983,1.5124,1,2
37.514,11.200,37.508,-5.776,59.0000,51.0000,59.0000,25.5610,38.6593,13.0983,1.5124,1,2
37.614,11.300,37.613,-0.774,58.0000,51.0000,58.0000,26.0127,39.3368,13.3241,1.5122,1,2
37.714,11.400,37.708,-5.780,58.0000,51.0000,58.0000,26.0127,39.3368,13.3241,1.5122,1,2
37.814,11.500,37.813,-0.779,59.0000,52.0000,59.0000,25.5610,38.6593,13.0983,1.5124,1,2
37.914,11.600,37.908,-5.775,59.0000,53.0000,59.0000,25.5610,38.6593,13.0983,1.5124,1,2
38.014,11.700,38.013,-0.775,59.0000,54.0000,59.0000,25.5610,38.6593,13.0983,1.5124,1,2
38.114,11.800,38.108,-5.773,59.0000,54.0000,59.0000,25.5610,38.6593,13.0983,1.5124,1,2
38.214,11.900,38.213,-0.776,60.0000,54.0000,60.0000,25.1244,38.0044,12.8800,1.5126,1,2
38.314,12.000,38.318,4.221,60.0000,54.0000,60.0000,25.1244,38.0044,12.8800,1.5126,1,2
38.414,12.100,38.414,-0.368,60.0000,54.0000,60.0000,25.1244,38.0044,12.8800,1.5126,1,2
38.514,12.200,38.518,4.224,61.0000,54.0000,61.0000,24.7021,37.3710,12.6689,1.5129,1,2
38.614,12.300,38.613,-0.778,61.0000,55.0000,61.0000,24.7021,37.3710,12.6689,1.5129,1,2
38.714,12.400,38.708,-5.776,61.0000,55.0000,61.0000,24.7021,37.3710,12.6689,1.5129,1,2
38.814,12.500,38.813,-0.774,61.0000,55.0000,61.0000,24.7021,37.3710,12.6689,1.5129,1,2
38.914,12.600,38.908,-5.774,61.0000,56.0000,61.0000,24.7021,37.3710,12.6689,1.5129,1,2
39.014,12.700,39.013,-0.776,60.0000,57.0000,60.0000,25.1244,38.0044,12.8800,1.5126,1,2
39.114,12.800,39.108,-5.694,60.0000,57.0000,60.0000,25.1244,38.0044,12.8800,1.5126,1,2
39.214,12.900,39.214,0.232,60.0000,57.0000,60.0000,25.1244,38.0044,12.8800,1.5126,1,2
39.314,13.000,39.308,-5.777,60.0000,57.0000,60.0000,25.1244,38.0044,12.8800,1.5126,1,2
39.414,13.100,39.413,-0.778,61.0000,58.0000,61.0000,24.7021,37.3710,12.6689,1.5129,1,2
39.514,13.200,39.508,-5.771,61.0000,58.0000,61.0000,24.7021,37.3710,12.6689,1.5129,1,2
39.614,13.300,39.613,-0.775,60.0000,58.0000,60.0000,25.1244,38.0044,12.8800,1.5126,1,2
39.714,13.400,39.718,4.224,59.0000,59.0000,59.0000,25.5610,38.6593,13.0983,1.5124,1,2
39.814,13.500,39.813,-0.775,59.0000,58.0000,59.0000,25.5610,38.6593,13.0983,1.5124,1,2
39.914,13.600,39.918,4.324,60.0000,57.0000,60.0000,25.1244,38.0044,12.8800,1.5126,1,2
40.014,13.700,40.013,-0.776,60.0000,58.0000,60.0000,25.1244,38.0044,12.8800,1.5126,1,2
40.114,13.800,40.108,-5.779,60.0000,58.0000,60.0000,25.1244,38.0044,12.8800,1.5126,1,2
40.214,13.900,40.213,-0.777,60.0000,58.0000,60.0000,25.1244,38.0044,12.8800,1.5126,1,2
40.314,14.000,40.308,-5.777,61.0000,59.0000,61.0000,24.7021,37.3710,12.6689,1.5129,1,2
40.414,14.100,40.413,-0.780,60.0000,59.0000,60.0000,25.1244,38.0044,12.8800,1.5126,1,2
40.514,14.200,40.509,-5.511,61.0000,58.0000,61.0000,24.7021,37.3710,12.6689,1.5129,1,2
40.614,14.300,40.613,-0.722,61.0000,59.0000,61.0000,24.7021,37.3710,12.6689,1.5129,1,2
40.714,14.400,40.708,-5.774,61.0000,59.0000,61.0000,24.7021,37.3710,12.6689,1.5129,1,2
40.814,14.500,40.813,-0.775,61.0000,59.0000,61.0000,24.7021,37.3710,12.6689,1.5129,1,2
40.914,14.600,40.909,-5.587,61.0000,59.0000,61.0000,24.7021,37.3710,12.6689,1.5129,1,2
41.014,14.700,41.013,-0.725,61.0000,59.0000,61.0000,24.7021,37.3710,12.6689,1.5129,1,2
41.114,14.800,41.118,4.306,61.0000,59.0000,61.0000,24.7021,37.3710,12.6689,1.5129,1,2
41.214,14.900,41.213,-0.744,61.0000,59.0000,61.0000,24.7021,37.3710,12.6689,1.5129,1,2
41.314,15.000,41.318,4.238,61.0000,59.0000,61.0000,24.7021,37.3710,12.6689,1.5129,1,2
41.414,15.100,41.413,-0.778,61.0000,59.0000,61.0000,24.7021,37.3710,12.6689,1.5129,1,2
41.514,15.200,41.508,-5.776,61.0000,60.0000,61.0000,24.7021,37.3710,12.6689,1.5129,1,2
41.614,15.300,41.613,-0.783,62.0000,60.0000,62.0000,24.2934,36.7579,12.4645,1.5131,1,2
41.714,15.400,41.708,-5.777,62.0000,61.0000,62.0000,24.2934,36.7579,12.4645,1.5131,1,2
41.814,15.500,41.813,-0.675,62.0000,61.0000,62.0000,24.2934,36.7579,12.4645,1.5131,1,2
41.914,15.600,41.908,-5.776,63.0000,61.0000,63.0000,23.8977,36.1644,12.2667,1.5133,1,2
42.014,15.700,42.013,-0.777,65.0000,62.0000,65.0000,23.1429,35.0321,11.8892,1.5137,1,2
42.114,15.800,42.108,-5.777,66.0000,62.0000,66.0000,22.7826,34.4917,11.7091,1.5139,1,2
42.214,15.900,42.213,-0.778,66.0000,63.0000,66.0000,22.7826,34.4917,11.7091,1.5139,1,2
42.314,16.000,42.308,-5.778,65.0000,62.0000,65.0000,23.1429,35.0321,11.8892,1.5137,1,2
42.414,16.100,42.413,-0.775,64.0000,62.0000,64.0000,23.5144,35.5894,12.0750,1.5135,1,2
42.514,16.200,42.518,4.219,64.0000,63.0000,64.0000,23.5144,35.5894,12.0750,1.5135,1,2
42.614,16.300,42.614,-0.147,65.0000,63.0000,65.0000,23.1429,35.0321,11.8892,1.5137,1,2
42.714,16.400,42.718,4.225,65.0000,64.0000,65.0000,23.1429,35.0321,11.8892,1.5137,1,2
42.814,16.500,42.813,-0.754,66.0000,64.0000,66.0000,22.7826,34.4917,11.7091,1.5139,1,2
42.914,16.600,42.908,-5.777,66.0000,65.0000,66.0000,22.7826,34.4917,11.7091,1.5139,1,2
43.014,16.700,43.013,-0.776,67.0000,65.0000,67.0000,22.4331,33.9674,11.5343,1.5142,1,2
43.114,16.800,43.108,-5.774,67.0000,65.0000,67.0000,22.4331,33.9674,11.5343,1.5142,1,2
43.214,16.900,43.213,-0.778,68.0000,65.0000,68.0000,22.0938,33.4585,11.3647,1.5144,1,2
43.314,17.000,43.308,-5.774,67.0000,66.0000,67.0000,22.4331,33.9674,11.5343,1.5142,1,2
43.414,17.100,43.413,-0.775,68.0000,67.0000,68.0000,22.0938,33.4585,11.3647,1.5144,1,2
43.514,17.200,43.508,-5.776,68.0000,67.0000,68.0000,22.0938,33.4585,11.3647,1.5144,1,2
43.614,17.300,43.614,-0.481,69.0000,67.0000,69.0000,21.7644,32.9644,11.2000,1.5146,1,2
43.714,17.400,43.708,-5.777,69.0000,68.0000,69.0000,21.7644,32.9644,11.2000,1.5146,1,2
43.814,17.500,43.813,-0.777,69.0000,68.0000,69.0000,21.7644,32.9644,11.2000,1.5146,1,2
43.914,17.600,43.918,4.228,69.0000,68.0000,69.0000,21.7644,32.9644,11.2000,1.5146,1,2
44.014,17.700,44.013,-0.777,70.0000,68.0000,70.0000,21.4444,32.4844,11.0400,1.5148,1,2
44.114,17.800,44.118,4.224,70.0000,69.0000,70.0000,21.4444,32.4844,11.0400,1.5148,1,2
44.214,17.900,44.213,-0.775,70.0000,69.0000,70.0000,21.4444,32.4844,11.0400,1.5148,1,2
44.314,18.000,44.308,-5.777,69.0000,70.0000,70.0000,21.4444,32.4844,11.0400,1.5148,1,2
44.414,18.100,44.413,-0.775,70.0000,70.0000,70.0000,21.4444,32.4844,11.0400,1.5148,1,2
44.514,18.200,44.508,-5.774,70.0000,71.0000,71.0000,21.1334,32.0179,10.8845,1.5150,1,2
44.614,18.300,44.613,-0.769,73.0000,71.0000,73.0000,20.5370,31.1233,10.5863,1.5155,1,2
44.714,18.400,44.709,-4.905,73.0000,71.0000,73.0000,20.5370,31.1233,10.5863,1.5155,1,2
44.814,18.500,44.813,-0.776,73.0000,72.0000,73.0000,20.5370,31.1233,10.5863,1.5155,1,2
44.914,18.600,44.908,-5.777,73.0000,73.0000,73.0000,20.5370,31.1233,10.5863,1.5155,1,2
45.014,18.700,45.013,-0.765,73.0000,74.0000,74.0000,20.2509,30.6941,10.4432,1.5157,1,2
45.114,18.800,45.108,-5.776,74.0000,74.0000,74.0000,20.2509,30.6941,10.4432,1.5157,1,2
45.214,18.900,45.213,-0.776,74.0000,74.0000,74.0000,20.2509,30.6941,10.4432,1.5157,1,2
45.309,18.995,45.318,9.253,,,,,,,,0,2
